,Date,Bike Count
15682,2016-10-23 18:00:00,1518
15683,2016-10-23 19:00:00,1042
15684,2016-10-23 20:00:00,677
15685,2016-10-23 21:00:00,487
15686,2016-10-23 22:00:00,405
15687,2016-10-23 23:00:00,389
15688,2016-10-24 00:00:00,236
15689,2016-10-24 01:00:00,176
15690,2016-10-24 02:00:00,123
15691,2016-10-24 03:00:00,53
15692,2016-10-24 04:00:00,114
15693,2016-10-24 05:00:00,272
15694,2016-10-24 06:00:00,629
15695,2016-10-24 07:00:00,1839
15696,2016-10-24 08:00:00,3943
15697,2016-10-24 09:00:00,2049
15698,2016-10-24 10:00:00,1119
15699,2016-10-24 11:00:00,1004
15700,2016-10-24 12:00:00,1319
15701,2016-10-24 13:00:00,1284
15702,2016-10-24 14:00:00,1273
15703,2016-10-24 15:00:00,1478
15704,2016-10-24 16:00:00,1894
15705,2016-10-24 17:00:00,3487
15706,2016-10-24 18:00:00,3589
15707,2016-10-24 19:00:00,2003
15708,2016-10-24 20:00:00,1154
15709,2016-10-24 21:00:00,888
15710,2016-10-24 22:00:00,715
15711,2016-10-24 23:00:00,445
15712,2016-10-25 00:00:00,283
15713,2016-10-25 01:00:00,83
15714,2016-10-25 02:00:00,144
15715,2016-10-25 03:00:00,102
15716,2016-10-25 04:00:00,71
15717,2016-10-25 05:00:00,315
15718,2016-10-25 06:00:00,615
15719,2016-10-25 07:00:00,1975
15720,2016-10-25 08:00:00,3993
15721,2016-10-25 09:00:00,2349
15722,2016-10-25 10:00:00,1149
15723,2016-10-25 11:00:00,1081
15724,2016-10-25 12:00:00,1434
15725,2016-10-25 13:00:00,1521
15726,2016-10-25 14:00:00,1302
15727,2016-10-25 15:00:00,1545
15728,2016-10-25 16:00:00,2087
15729,2016-10-25 17:00:00,4181
15730,2016-10-25 18:00:00,3714
15731,2016-10-25 19:00:00,2174
15732,2016-10-25 20:00:00,1287
15733,2016-10-25 21:00:00,896
15734,2016-10-25 22:00:00,734
15735,2016-10-25 23:00:00,528
15736,2016-10-26 00:00:00,288
15737,2016-10-26 01:00:00,181
15738,2016-10-26 02:00:00,145
15739,2016-10-26 03:00:00,121
15740,2016-10-26 04:00:00,50
15741,2016-10-26 05:00:00,50
15742,2016-10-26 06:00:00,580
15743,2016-10-26 07:00:00,2066
15744,2016-10-26 08:00:00,4105
15745,2016-10-26 09:00:00,2252
15746,2016-10-26 10:00:00,1171
15747,2016-10-26 11:00:00,1190
15748,2016-10-26 12:00:00,1413
15749,2016-10-26 13:00:00,1556
15750,2016-10-26 14:00:00,1455
15751,2016-10-26 15:00:00,1681
15752,2016-10-26 16:00:00,2155
15753,2016-10-26 17:00:00,3721
15754,2016-10-26 18:00:00,3830
15755,2016-10-26 19:00:00,2162
15756,2016-10-26 20:00:00,1300
15757,2016-10-26 21:00:00,904
15758,2016-10-26 22:00:00,757
15759,2016-10-26 23:00:00,637
15760,2016-10-27 00:00:00,360
15761,2016-10-27 01:00:00,176
15762,2016-10-27 02:00:00,207
15763,2016-10-27 03:00:00,95
15764,2016-10-27 04:00:00,45
15765,2016-10-27 05:00:00,142
15766,2016-10-27 06:00:00,573
15767,2016-10-27 07:00:00,2061
15768,2016-10-27 08:00:00,4028
15769,2016-10-27 09:00:00,2210
15770,2016-10-27 10:00:00,1151
15771,2016-10-27 11:00:00,1102
15772,2016-10-27 12:00:00,1491
15773,2016-10-27 13:00:00,1680
15774,2016-10-27 14:00:00,1519
15775,2016-10-27 15:00:00,1760
15776,2016-10-27 16:00:00,2225
15777,2016-10-27 17:00:00,3634
15778,2016-10-27 18:00:00,3716
15779,2016-10-27 19:00:00,2072
15780,2016-10-27 20:00:00,1233
15781,2016-10-27 21:00:00,927
15782,2016-10-27 22:00:00,794
15783,2016-10-27 23:00:00,617
15784,2016-10-28 00:00:00,403
15785,2016-10-28 01:00:00,235
15786,2016-10-28 02:00:00,327
15787,2016-10-28 03:00:00,82
15788,2016-10-28 04:00:00,89
15789,2016-10-28 05:00:00,142
15790,2016-10-28 06:00:00,678
15791,2016-10-28 07:00:00,1968
15792,2016-10-28 08:00:00,3621
15793,2016-10-28 09:00:00,2373
15794,2016-10-28 10:00:00,1214
15795,2016-10-28 11:00:00,1322
15796,2016-10-28 12:00:00,1707
15797,2016-10-28 13:00:00,1803
15798,2016-10-28 14:00:00,1660
15799,2016-10-28 15:00:00,1764
15800,2016-10-28 16:00:00,2316
15801,2016-10-28 17:00:00,3803
15802,2016-10-28 18:00:00,3103
15803,2016-10-28 19:00:00,1796
15804,2016-10-28 20:00:00,1143
15805,2016-10-28 21:00:00,857
15806,2016-10-28 22:00:00,673
15807,2016-10-28 23:00:00,633
15808,2016-10-29 00:00:00,575
15809,2016-10-29 01:00:00,532
15810,2016-10-29 02:00:00,529
15811,2016-10-29 03:00:00,235
15812,2016-10-29 04:00:00,155
15813,2016-10-29 05:00:00,167
15814,2016-10-29 06:00:00,166
15815,2016-10-29 07:00:00,324
15816,2016-10-29 08:00:00,582
15817,2016-10-29 09:00:00,1053
15818,2016-10-29 10:00:00,1492
15819,2016-10-29 11:00:00,1977
15820,2016-10-29 12:00:00,2403
15821,2016-10-29 13:00:00,2738
15822,2016-10-29 14:00:00,2584
15823,2016-10-29 15:00:00,2585
15824,2016-10-29 16:00:00,2563
15825,2016-10-29 17:00:00,2431
15826,2016-10-29 18:00:00,1932
15827,2016-10-29 19:00:00,1222
15828,2016-10-29 20:00:00,872
15829,2016-10-29 21:00:00,629
15830,2016-10-29 22:00:00,582
15831,2016-10-29 23:00:00,479
15832,2016-10-30 00:00:00,436
15833,2016-10-30 01:00:00,412
15834,2016-10-30 02:00:00,921
15835,2016-10-30 03:00:00,300
15836,2016-10-30 04:00:00,186
15837,2016-10-30 05:00:00,170
15838,2016-10-30 06:00:00,153
15839,2016-10-30 07:00:00,273
15840,2016-10-30 08:00:00,502
15841,2016-10-30 09:00:00,898
15842,2016-10-30 10:00:00,1552
15843,2016-10-30 11:00:00,2059
15844,2016-10-30 12:00:00,2245
15845,2016-10-30 13:00:00,2303
15846,2016-10-30 14:00:00,2412
15847,2016-10-30 15:00:00,2168
15848,2016-10-30 16:00:00,2174
15849,2016-10-30 17:00:00,1819
15850,2016-10-30 18:00:00,1140
15851,2016-10-30 19:00:00,943
15852,2016-10-30 20:00:00,602
15853,2016-10-30 21:00:00,594
15854,2016-10-30 22:00:00,383
15855,2016-10-31 00:00:00,330
15856,2016-10-31 01:00:00,125
15857,2016-10-31 02:00:00,56
15858,2016-10-31 03:00:00,33
15859,2016-10-31 04:00:00,64
15860,2016-10-31 05:00:00,357
15861,2016-10-31 06:00:00,717
15862,2016-10-31 07:00:00,2243
15863,2016-10-31 08:00:00,4057
15864,2016-10-31 09:00:00,2240
15865,2016-10-31 10:00:00,1061
15866,2016-10-31 11:00:00,1063
15867,2016-10-31 12:00:00,1414
15868,2016-10-31 13:00:00,1665
15869,2016-10-31 14:00:00,1537
15870,2016-10-31 15:00:00,1927
15871,2016-10-31 16:00:00,2505
15872,2016-10-31 17:00:00,4282
15873,2016-10-31 18:00:00,3680
15874,2016-10-31 19:00:00,2182
15875,2016-10-31 20:00:00,1266
15876,2016-10-31 21:00:00,1000
15877,2016-10-31 22:00:00,763
15878,2016-10-31 23:00:00,467
15879,2016-11-01 00:00:00,294
15880,2016-11-01 01:00:00,130
15881,2016-11-01 02:00:00,188
15882,2016-11-01 03:00:00,151
15883,2016-11-01 04:00:00,76
15884,2016-11-01 05:00:00,302
15885,2016-11-01 06:00:00,963
15886,2016-11-01 07:00:00,2845
15887,2016-11-01 08:00:00,4665
15888,2016-11-01 09:00:00,2489
15889,2016-11-01 10:00:00,1099
15890,2016-11-01 11:00:00,1028
15891,2016-11-01 12:00:00,1309
15892,2016-11-01 13:00:00,1324
15893,2016-11-01 14:00:00,1129
15894,2016-11-01 15:00:00,1383
15895,2016-11-01 16:00:00,1507
15896,2016-11-01 17:00:00,3602
15897,2016-11-01 18:00:00,3748
15898,2016-11-01 19:00:00,2090
15899,2016-11-01 20:00:00,1136
15900,2016-11-01 21:00:00,799
15901,2016-11-01 22:00:00,730
15902,2016-11-01 23:00:00,441
15903,2016-11-02 00:00:00,213
15904,2016-11-02 01:00:00,139
15905,2016-11-02 02:00:00,141
15906,2016-11-02 03:00:00,62
15907,2016-11-02 04:00:00,73
15908,2016-11-02 05:00:00,194
15909,2016-11-02 06:00:00,700
15910,2016-11-02 07:00:00,2494
15911,2016-11-02 08:00:00,4825
15912,2016-11-02 09:00:00,2561
15913,2016-11-02 10:00:00,1269
15914,2016-11-02 11:00:00,1211
15915,2016-11-02 12:00:00,1453
15916,2016-11-02 13:00:00,1481
15917,2016-11-02 14:00:00,1392
15918,2016-11-02 15:00:00,1530
15919,2016-11-02 16:00:00,1978
15920,2016-11-02 17:00:00,3522
15921,2016-11-02 18:00:00,3456
15922,2016-11-02 19:00:00,1990
15923,2016-11-02 20:00:00,1205
15924,2016-11-02 21:00:00,873
15925,2016-11-02 22:00:00,675
15926,2016-11-02 23:00:00,542
15927,2016-11-03 00:00:00,303
15928,2016-11-03 01:00:00,152
15929,2016-11-03 02:00:00,168
15930,2016-11-03 03:00:00,94
15931,2016-11-03 04:00:00,73
15932,2016-11-03 05:00:00,213
15933,2016-11-03 06:00:00,829
15934,2016-11-03 07:00:00,2470
15935,2016-11-03 08:00:00,4598
15936,2016-11-03 09:00:00,2499
15937,2016-11-03 10:00:00,1238
15938,2016-11-03 11:00:00,1140
15939,2016-11-03 12:00:00,1489
15940,2016-11-03 13:00:00,1464
15941,2016-11-03 14:00:00,1307
15942,2016-11-03 15:00:00,1482
15943,2016-11-03 16:00:00,1870
15944,2016-11-03 17:00:00,3566
15945,2016-11-03 18:00:00,3296
15946,2016-11-03 19:00:00,1928
15947,2016-11-03 20:00:00,1157
15948,2016-11-03 21:00:00,778
15949,2016-11-03 22:00:00,480
15950,2016-11-03 23:00:00,545
15951,2016-11-04 00:00:00,361
15952,2016-11-04 01:00:00,232
15953,2016-11-04 02:00:00,253
15954,2016-11-04 03:00:00,111
15955,2016-11-04 04:00:00,47
15956,2016-11-04 05:00:00,91
15957,2016-11-04 06:00:00,525
15958,2016-11-04 07:00:00,1824
15959,2016-11-04 08:00:00,4013
15960,2016-11-04 09:00:00,2245
15961,2016-11-04 10:00:00,1222
15962,2016-11-04 11:00:00,1184
15963,2016-11-04 12:00:00,1437
15964,2016-11-04 13:00:00,829
15965,2016-11-04 14:00:00,516
15966,2016-11-04 15:00:00,478
15967,2016-11-04 16:00:00,938
15968,2016-11-04 17:00:00,1798
15969,2016-11-04 18:00:00,1575
15970,2016-11-04 19:00:00,1225
15971,2016-11-04 20:00:00,834
15972,2016-11-04 21:00:00,580
15973,2016-11-04 22:00:00,591
15974,2016-11-04 23:00:00,575
15975,2016-11-05 00:00:00,661
15976,2016-11-05 01:00:00,323
15977,2016-11-05 02:00:00,275
15978,2016-11-05 03:00:00,213
15979,2016-11-05 04:00:00,128
15980,2016-11-05 05:00:00,188
15981,2016-11-05 06:00:00,360
15982,2016-11-05 07:00:00,352
15983,2016-11-05 08:00:00,618
15984,2016-11-05 09:00:00,888
15985,2016-11-05 10:00:00,1458
15986,2016-11-05 11:00:00,1523
15987,2016-11-05 12:00:00,1753
15988,2016-11-05 13:00:00,1879
15989,2016-11-05 14:00:00,1980
15990,2016-11-05 15:00:00,1831
15991,2016-11-05 16:00:00,1634
15992,2016-11-05 17:00:00,1382
15993,2016-11-05 18:00:00,1075
15994,2016-11-05 19:00:00,800
15995,2016-11-05 20:00:00,766
15996,2016-11-05 21:00:00,577
15997,2016-11-05 22:00:00,500
15998,2016-11-05 23:00:00,347
15999,2016-11-06 00:00:00,306
16000,2016-11-06 01:00:00,273
16001,2016-11-06 02:00:00,255
16002,2016-11-06 03:00:00,162
16003,2016-11-06 04:00:00,168
16004,2016-11-06 05:00:00,176
16005,2016-11-06 06:00:00,203
16006,2016-11-06 07:00:00,333
16007,2016-11-06 08:00:00,418
16008,2016-11-06 09:00:00,732
16009,2016-11-06 10:00:00,1064
16010,2016-11-06 11:00:00,1671
16011,2016-11-06 12:00:00,1841
16012,2016-11-06 13:00:00,1738
16013,2016-11-06 14:00:00,1645
16014,2016-11-06 15:00:00,1509
16015,2016-11-06 16:00:00,926
16016,2016-11-06 17:00:00,562
16017,2016-11-06 18:00:00,584
16018,2016-11-06 19:00:00,505
16019,2016-11-06 20:00:00,395
16020,2016-11-06 21:00:00,296
16021,2016-11-06 22:00:00,192
16022,2016-11-06 23:00:00,164
16023,2016-11-07 00:00:00,130
16024,2016-11-07 01:00:00,215
16025,2016-11-07 02:00:00,104
16026,2016-11-07 03:00:00,59
16027,2016-11-07 04:00:00,116
16028,2016-11-07 05:00:00,317
16029,2016-11-07 06:00:00,636
16030,2016-11-07 07:00:00,1648
16031,2016-11-07 08:00:00,3535
16032,2016-11-07 09:00:00,1708
16033,2016-11-07 10:00:00,1089
16034,2016-11-07 11:00:00,848
16035,2016-11-07 12:00:00,849
16036,2016-11-07 13:00:00,528
16037,2016-11-07 14:00:00,506
16038,2016-11-07 15:00:00,480
16039,2016-11-07 16:00:00,872
16040,2016-11-07 17:00:00,2003
16041,2016-11-07 18:00:00,2437
16042,2016-11-07 19:00:00,1310
16043,2016-11-07 20:00:00,877
16044,2016-11-07 21:00:00,695
16045,2016-11-07 22:00:00,427
16046,2016-11-07 23:00:00,249
16047,2016-11-08 00:00:00,174
16048,2016-11-08 01:00:00,121
16049,2016-11-08 02:00:00,90
16050,2016-11-08 03:00:00,136
16051,2016-11-08 04:00:00,147
16052,2016-11-08 05:00:00,446
16053,2016-11-08 06:00:00,639
16054,2016-11-08 07:00:00,1965
16055,2016-11-08 08:00:00,3803
16056,2016-11-08 09:00:00,2136
16057,2016-11-08 10:00:00,1063
16058,2016-11-08 11:00:00,932
16059,2016-11-08 12:00:00,1104
16060,2016-11-08 13:00:00,1064
16061,2016-11-08 14:00:00,1031
16062,2016-11-08 15:00:00,1146
16063,2016-11-08 16:00:00,1675
16064,2016-11-08 17:00:00,3449
16065,2016-11-08 18:00:00,3184
16066,2016-11-08 19:00:00,1875
16067,2016-11-08 20:00:00,1059
16068,2016-11-08 21:00:00,793
16069,2016-11-08 22:00:00,526
16070,2016-11-08 23:00:00,308
16071,2016-11-09 00:00:00,140
16072,2016-11-09 01:00:00,96
16073,2016-11-09 02:00:00,46
16074,2016-11-09 03:00:00,-49
16075,2016-11-09 04:00:00,-8
16076,2016-11-09 05:00:00,330
16077,2016-11-09 06:00:00,663
16078,2016-11-09 07:00:00,903
16079,2016-11-09 08:00:00,1846
16080,2016-11-09 09:00:00,1331
16081,2016-11-09 10:00:00,788
16082,2016-11-09 11:00:00,533
16083,2016-11-09 12:00:00,496
16084,2016-11-09 13:00:00,711
16085,2016-11-09 14:00:00,949
16086,2016-11-09 15:00:00,1045
16087,2016-11-09 16:00:00,1598
16088,2016-11-09 17:00:00,2857
16089,2016-11-09 18:00:00,2925
16090,2016-11-09 19:00:00,1585
16091,2016-11-09 20:00:00,997
16092,2016-11-09 21:00:00,692
16093,2016-11-09 22:00:00,503
16094,2016-11-09 23:00:00,377
16095,2016-11-10 00:00:00,258
16096,2016-11-10 01:00:00,64
16097,2016-11-10 02:00:00,81
16098,2016-11-10 03:00:00,84
16099,2016-11-10 04:00:00,114
16100,2016-11-10 05:00:00,555
16101,2016-11-10 06:00:00,797
16102,2016-11-10 07:00:00,1990
16103,2016-11-10 08:00:00,4021
16104,2016-11-10 09:00:00,2277
16105,2016-11-10 10:00:00,1108
16106,2016-11-10 11:00:00,822
16107,2016-11-10 12:00:00,1177
16108,2016-11-10 13:00:00,1223
16109,2016-11-10 14:00:00,937
16110,2016-11-10 15:00:00,880
16111,2016-11-10 16:00:00,1447
16112,2016-11-10 17:00:00,3195
16113,2016-11-10 18:00:00,2864
16114,2016-11-10 19:00:00,1695
16115,2016-11-10 20:00:00,1018
16116,2016-11-10 21:00:00,626
16117,2016-11-10 22:00:00,523
16118,2016-11-10 23:00:00,382
16119,2016-11-11 00:00:00,336
16120,2016-11-11 01:00:00,112
16121,2016-11-11 02:00:00,238
16122,2016-11-11 03:00:00,122
16123,2016-11-11 04:00:00,56
16124,2016-11-11 05:00:00,175
16125,2016-11-11 06:00:00,598
16126,2016-11-11 07:00:00,1915
16127,2016-11-11 08:00:00,3858
16128,2016-11-11 09:00:00,2255
16129,2016-11-11 10:00:00,1254
16130,2016-11-11 11:00:00,1163
16131,2016-11-11 12:00:00,1370
16132,2016-11-11 13:00:00,1484
16133,2016-11-11 14:00:00,1360
16134,2016-11-11 15:00:00,1501
16135,2016-11-11 16:00:00,2028
16136,2016-11-11 17:00:00,3385
16137,2016-11-11 18:00:00,2763
16138,2016-11-11 19:00:00,1593
16139,2016-11-11 20:00:00,975
16140,2016-11-11 21:00:00,694
16141,2016-11-11 22:00:00,472
16142,2016-11-11 23:00:00,458
16143,2016-11-12 00:00:00,440
16144,2016-11-12 01:00:00,270
16145,2016-11-12 02:00:00,272
16146,2016-11-12 03:00:00,171
16147,2016-11-12 04:00:00,151
16148,2016-11-12 05:00:00,238
16149,2016-11-12 06:00:00,247
16150,2016-11-12 07:00:00,284
16151,2016-11-12 08:00:00,366
16152,2016-11-12 09:00:00,438
16153,2016-11-12 10:00:00,463
16154,2016-11-12 12:00:00,726
16155,2016-11-12 13:00:00,827
16156,2016-11-12 14:00:00,920
16157,2016-11-12 15:00:00,998
16158,2016-11-12 16:00:00,774
16159,2016-11-12 17:00:00,810
16160,2016-11-12 18:00:00,733
16161,2016-11-12 19:00:00,597
16162,2016-11-12 20:00:00,583
16163,2016-11-12 21:00:00,460
16164,2016-11-12 22:00:00,295
16165,2016-11-12 23:00:00,325
16166,2016-11-13 00:00:00,274
16167,2016-11-13 01:00:00,292
16168,2016-11-13 02:00:00,394
16169,2016-11-13 03:00:00,310
16170,2016-11-13 04:00:00,303
16171,2016-11-13 05:00:00,214
16172,2016-11-13 06:00:00,244
16173,2016-11-13 07:00:00,306
16174,2016-11-13 08:00:00,444
16175,2016-11-13 09:00:00,706
16176,2016-11-13 10:00:00,1113
16177,2016-11-13 11:00:00,1551
16178,2016-11-13 12:00:00,1997
16179,2016-11-13 13:00:00,2089
16180,2016-11-13 14:00:00,2098
16181,2016-11-13 15:00:00,2059
16182,2016-11-13 16:00:00,1919
16183,2016-11-13 17:00:00,1495
16184,2016-11-13 18:00:00,995
16185,2016-11-13 19:00:00,727
16186,2016-11-13 20:00:00,567
16187,2016-11-13 21:00:00,417
16188,2016-11-13 22:00:00,309
16189,2016-11-13 23:00:00,295
16190,2016-11-14 00:00:00,229
16191,2016-11-14 01:00:00,166
16192,2016-11-14 02:00:00,34
16193,2016-11-14 03:00:00,-3
16194,2016-11-14 04:00:00,86
16195,2016-11-14 05:00:00,200
16196,2016-11-14 06:00:00,588
16197,2016-11-14 07:00:00,2318
16198,2016-11-14 08:00:00,3148
16199,2016-11-14 09:00:00,1643
16200,2016-11-14 10:00:00,1031
16201,2016-11-14 11:00:00,820
16202,2016-11-14 12:00:00,874
16203,2016-11-14 13:00:00,730
16204,2016-11-14 14:00:00,709
16205,2016-11-14 15:00:00,866
16206,2016-11-14 16:00:00,1398
16207,2016-11-14 17:00:00,3281
16208,2016-11-14 18:00:00,2937
16209,2016-11-14 19:00:00,1776
16210,2016-11-14 20:00:00,1068
16211,2016-11-14 21:00:00,796
16212,2016-11-14 22:00:00,652
16213,2016-11-14 23:00:00,410
16214,2016-11-15 00:00:00,194
16215,2016-11-15 01:00:00,76
16216,2016-11-15 02:00:00,88
16217,2016-11-15 03:00:00,84
16218,2016-11-15 04:00:00,82
16219,2016-11-15 05:00:00,386
16220,2016-11-15 06:00:00,679
16221,2016-11-15 07:00:00,1994
16222,2016-11-15 08:00:00,4041
16223,2016-11-15 09:00:00,2156
16224,2016-11-15 10:00:00,1064
16225,2016-11-15 11:00:00,956
16226,2016-11-15 12:00:00,1186
16227,2016-11-15 13:00:00,1298
16228,2016-11-15 14:00:00,1129
16229,2016-11-15 15:00:00,1362
16230,2016-11-15 16:00:00,1837
16231,2016-11-15 17:00:00,3545
16232,2016-11-15 18:00:00,3478
16233,2016-11-15 19:00:00,1536
16234,2016-11-15 20:00:00,949
16235,2016-11-15 21:00:00,766
16236,2016-11-15 22:00:00,567
16237,2016-11-15 23:00:00,509
16238,2016-11-16 00:00:00,245
16239,2016-11-16 01:00:00,63
16240,2016-11-16 02:00:00,180
16241,2016-11-16 03:00:00,25
16242,2016-11-16 04:00:00,58
16243,2016-11-16 05:00:00,348
16244,2016-11-16 06:00:00,529
16245,2016-11-16 07:00:00,1893
16246,2016-11-16 08:00:00,3990
16247,2016-11-16 09:00:00,2233
16248,2016-11-16 10:00:00,1099
16249,2016-11-16 11:00:00,1052
16250,2016-11-16 12:00:00,1316
16251,2016-11-16 13:00:00,1363
16252,2016-11-16 14:00:00,1222
16253,2016-11-16 15:00:00,1305
16254,2016-11-16 16:00:00,1793
16255,2016-11-16 17:00:00,3176
16256,2016-11-16 18:00:00,2988
16257,2016-11-16 19:00:00,1015
16258,2016-11-16 20:00:00,911
16259,2016-11-16 21:00:00,748
16260,2016-11-16 22:00:00,578
16261,2016-11-16 23:00:00,484
16262,2016-11-17 00:00:00,305
16263,2016-11-17 01:00:00,160
16264,2016-11-17 02:00:00,296
16265,2016-11-17 03:00:00,82
16266,2016-11-17 04:00:00,176
16267,2016-11-17 05:00:00,296
16268,2016-11-17 06:00:00,487
16269,2016-11-17 07:00:00,1742
16270,2016-11-17 08:00:00,4150
16271,2016-11-17 09:00:00,2360
16272,2016-11-17 10:00:00,1061
16273,2016-11-17 11:00:00,985
16274,2016-11-17 12:00:00,1189
16275,2016-11-17 13:00:00,1184
16276,2016-11-17 14:00:00,1059
16277,2016-11-17 15:00:00,1010
16278,2016-11-17 16:00:00,1626
16279,2016-11-17 17:00:00,3027
16280,2016-11-17 18:00:00,2779
16281,2016-11-17 19:00:00,1738
16282,2016-11-17 20:00:00,1081
16283,2016-11-17 21:00:00,742
16284,2016-11-17 22:00:00,605
16285,2016-11-17 23:00:00,477
16286,2016-11-18 00:00:00,359
16287,2016-11-18 01:00:00,165
16288,2016-11-18 02:00:00,157
16289,2016-11-18 03:00:00,140
16290,2016-11-18 04:00:00,135
16291,2016-11-18 05:00:00,113
16292,2016-11-18 06:00:00,633
16293,2016-11-18 07:00:00,1746
16294,2016-11-18 08:00:00,3848
16295,2016-11-18 09:00:00,2149
16296,2016-11-18 10:00:00,1194
16297,2016-11-18 11:00:00,1123
16298,2016-11-18 12:00:00,1251
16299,2016-11-18 13:00:00,1319
16300,2016-11-18 14:00:00,1280
16301,2016-11-18 15:00:00,1354
16302,2016-11-18 16:00:00,1743
16303,2016-11-18 17:00:00,3129
16304,2016-11-18 18:00:00,2676
16305,2016-11-18 19:00:00,1524
16306,2016-11-18 20:00:00,997
16307,2016-11-18 21:00:00,697
16308,2016-11-18 22:00:00,604
16309,2016-11-18 23:00:00,480
16310,2016-11-19 00:00:00,525
16311,2016-11-19 01:00:00,304
16312,2016-11-19 02:00:00,266
16313,2016-11-19 03:00:00,174
16314,2016-11-19 04:00:00,128
16315,2016-11-19 05:00:00,167
16316,2016-11-19 06:00:00,259
16317,2016-11-19 07:00:00,320
16318,2016-11-19 08:00:00,581
16319,2016-11-19 09:00:00,825
16320,2016-11-19 10:00:00,1300
16321,2016-11-19 11:00:00,1648
16322,2016-11-19 12:00:00,1915
16323,2016-11-19 13:00:00,2068
16324,2016-11-19 14:00:00,1882
16325,2016-11-19 15:00:00,1770
16326,2016-11-19 16:00:00,1573
16327,2016-11-19 17:00:00,1107
16328,2016-11-19 18:00:00,867
16329,2016-11-19 19:00:00,602
16330,2016-11-19 20:00:00,491
16331,2016-11-19 21:00:00,352
16332,2016-11-19 22:00:00,239
16333,2016-11-19 23:00:00,233
16334,2016-11-20 00:00:00,180
16335,2016-11-20 01:00:00,81
16336,2016-11-20 02:00:00,125
16337,2016-11-20 03:00:00,108
16338,2016-11-20 04:00:00,63
16339,2016-11-20 05:00:00,28
16340,2016-11-20 06:00:00,47
16341,2016-11-20 07:00:00,44
16342,2016-11-20 08:00:00,558
16343,2016-11-20 09:00:00,614
16344,2016-11-20 10:00:00,654
16345,2016-11-20 11:00:00,601
16346,2016-11-20 12:00:00,1019
16347,2016-11-20 13:00:00,1208
16348,2016-11-20 14:00:00,1125
16349,2016-11-20 15:00:00,1058
16350,2016-11-20 16:00:00,1076
16351,2016-11-20 17:00:00,928
16352,2016-11-20 18:00:00,865
16353,2016-11-20 19:00:00,748
16354,2016-11-20 20:00:00,506
16355,2016-11-20 21:00:00,378
16356,2016-11-20 22:00:00,256
16357,2016-11-20 23:00:00,137
16358,2016-11-21 00:00:00,157
16359,2016-11-21 01:00:00,152
16360,2016-11-21 02:00:00,75
16361,2016-11-21 03:00:00,48
16362,2016-11-21 04:00:00,89
16363,2016-11-21 05:00:00,399
16364,2016-11-21 06:00:00,924
16365,2016-11-21 07:00:00,1402
16366,2016-11-21 08:00:00,3153
16367,2016-11-21 09:00:00,1784
16368,2016-11-21 10:00:00,954
16369,2016-11-21 11:00:00,780
16370,2016-11-21 12:00:00,817
16371,2016-11-21 13:00:00,521
16372,2016-11-21 14:00:00,210
16373,2016-11-21 15:00:00,807
16374,2016-11-21 16:00:00,1387
16375,2016-11-21 17:00:00,2827
16376,2016-11-21 18:00:00,2143
16377,2016-11-21 19:00:00,1582
16378,2016-11-21 20:00:00,796
16379,2016-11-21 21:00:00,647
16380,2016-11-21 22:00:00,451
16381,2016-11-21 23:00:00,159
16382,2016-11-22 00:00:00,98
16383,2016-11-22 01:00:00,119
16384,2016-11-22 02:00:00,25
16385,2016-11-22 03:00:00,57
16386,2016-11-22 04:00:00,88
16387,2016-11-22 05:00:00,386
16388,2016-11-22 06:00:00,694
16389,2016-11-22 07:00:00,1878
16390,2016-11-22 08:00:00,3817
16391,2016-11-22 09:00:00,2008
16392,2016-11-22 10:00:00,1012
16393,2016-11-22 11:00:00,965
16394,2016-11-22 12:00:00,1015
16395,2016-11-22 13:00:00,1010
16396,2016-11-22 14:00:00,901
16397,2016-11-22 15:00:00,1128
16398,2016-11-22 16:00:00,1709
16399,2016-11-22 17:00:00,3068
16400,2016-11-22 18:00:00,3306
16401,2016-11-22 19:00:00,1905
16402,2016-11-22 20:00:00,1035
16403,2016-11-22 21:00:00,838
16404,2016-11-22 22:00:00,643
16405,2016-11-22 23:00:00,387
16406,2016-11-23 00:00:00,245
16407,2016-11-23 01:00:00,94
16408,2016-11-23 02:00:00,123
16409,2016-11-23 03:00:00,49
16410,2016-11-23 04:00:00,83
16411,2016-11-23 05:00:00,421
16412,2016-11-23 06:00:00,598
16413,2016-11-23 07:00:00,1840
16414,2016-11-23 08:00:00,4268
16415,2016-11-23 09:00:00,2289
16416,2016-11-23 10:00:00,1228
16417,2016-11-23 11:00:00,1062
16418,2016-11-23 12:00:00,1279
16419,2016-11-23 13:00:00,1295
16420,2016-11-23 14:00:00,1134
16421,2016-11-23 15:00:00,1217
16422,2016-11-23 16:00:00,1789
16423,2016-11-23 17:00:00,3087
16424,2016-11-23 18:00:00,3189
16425,2016-11-23 19:00:00,1931
16426,2016-11-23 20:00:00,1038
16427,2016-11-23 21:00:00,764
16428,2016-11-23 22:00:00,635
16429,2016-11-23 23:00:00,499
16430,2016-11-24 00:00:00,259
16431,2016-11-24 01:00:00,79
16432,2016-11-24 02:00:00,125
16433,2016-11-24 03:00:00,51
16434,2016-11-24 04:00:00,55
16435,2016-11-24 05:00:00,192
16436,2016-11-24 06:00:00,511
16437,2016-11-24 07:00:00,1921
16438,2016-11-24 08:00:00,4009
16439,2016-11-24 09:00:00,2328
16440,2016-11-24 10:00:00,1094
16441,2016-11-24 11:00:00,1073
16442,2016-11-24 12:00:00,1226
16443,2016-11-24 13:00:00,1264
16444,2016-11-24 14:00:00,1053
16445,2016-11-24 15:00:00,1137
16446,2016-11-24 16:00:00,1595
16447,2016-11-24 17:00:00,3279
16448,2016-11-24 18:00:00,3126
16449,2016-11-24 19:00:00,1792
16450,2016-11-24 20:00:00,1026
16451,2016-11-24 21:00:00,782
16452,2016-11-24 22:00:00,631
16453,2016-11-24 23:00:00,479
16454,2016-11-25 00:00:00,359
16455,2016-11-25 01:00:00,201
16456,2016-11-25 02:00:00,224
16457,2016-11-25 03:00:00,166
16458,2016-11-25 04:00:00,88
16459,2016-11-25 05:00:00,372
16460,2016-11-25 06:00:00,658
16461,2016-11-25 07:00:00,1700
16462,2016-11-25 08:00:00,3932
16463,2016-11-25 09:00:00,2267
16464,2016-11-25 10:00:00,1279
16465,2016-11-25 11:00:00,1204
16466,2016-11-25 12:00:00,1444
16467,2016-11-25 13:00:00,1572
16468,2016-11-25 14:00:00,1410
16469,2016-11-25 15:00:00,1405
16470,2016-11-25 16:00:00,1852
16471,2016-11-25 17:00:00,3176
16472,2016-11-25 18:00:00,2848
16473,2016-11-25 19:00:00,1516
16474,2016-11-25 20:00:00,973
16475,2016-11-25 21:00:00,710
16476,2016-11-25 22:00:00,517
16477,2016-11-25 23:00:00,470
16478,2016-11-26 00:00:00,423
16479,2016-11-26 01:00:00,298
16480,2016-11-26 02:00:00,278
16481,2016-11-26 03:00:00,163
16482,2016-11-26 04:00:00,151
16483,2016-11-26 05:00:00,270
16484,2016-11-26 06:00:00,355
16485,2016-11-26 07:00:00,408
16486,2016-11-26 08:00:00,625
16487,2016-11-26 09:00:00,867
16488,2016-11-26 10:00:00,1315
16489,2016-11-26 11:00:00,1586
16490,2016-11-26 12:00:00,1846
16491,2016-11-26 13:00:00,1931
16492,2016-11-26 14:00:00,1864
16493,2016-11-26 15:00:00,1960
16494,2016-11-26 16:00:00,1681
16495,2016-11-26 17:00:00,1409
16496,2016-11-26 18:00:00,1016
16497,2016-11-26 19:00:00,834
16498,2016-11-26 20:00:00,658
16499,2016-11-26 21:00:00,487
16500,2016-11-26 22:00:00,355
16501,2016-11-26 23:00:00,377
16502,2016-11-27 00:00:00,294
16503,2016-11-27 01:00:00,329
16504,2016-11-27 02:00:00,358
16505,2016-11-27 03:00:00,255
16506,2016-11-27 04:00:00,156
16507,2016-11-27 05:00:00,104
16508,2016-11-27 06:00:00,167
16509,2016-11-27 07:00:00,214
16510,2016-11-27 08:00:00,403
16511,2016-11-27 09:00:00,756
16512,2016-11-27 10:00:00,1153
16513,2016-11-27 11:00:00,1417
16514,2016-11-27 12:00:00,1642
16515,2016-11-27 13:00:00,1845
16516,2016-11-27 14:00:00,1707
16517,2016-11-27 15:00:00,1701
16518,2016-11-27 16:00:00,1472
16519,2016-11-27 17:00:00,1211
16520,2016-11-27 18:00:00,889
16521,2016-11-27 19:00:00,720
16522,2016-11-27 20:00:00,534
16523,2016-11-27 21:00:00,382
16524,2016-11-27 22:00:00,343
16525,2016-11-27 23:00:00,285
16526,2016-11-28 00:00:00,179
16527,2016-11-28 01:00:00,152
16528,2016-11-28 02:00:00,87
16529,2016-11-28 03:00:00,33
16530,2016-11-28 04:00:00,65
16531,2016-11-28 05:00:00,190
16532,2016-11-28 06:00:00,736
16533,2016-11-28 07:00:00,1819
16534,2016-11-28 08:00:00,4059
16535,2016-11-28 09:00:00,2281
16536,2016-11-28 10:00:00,1168
16537,2016-11-28 11:00:00,1032
16538,2016-11-28 12:00:00,1216
16539,2016-11-28 13:00:00,1269
16540,2016-11-28 14:00:00,1120
16541,2016-11-28 15:00:00,1063
16542,2016-11-28 16:00:00,1625
16543,2016-11-28 17:00:00,2843
16544,2016-11-28 18:00:00,3041
16545,2016-11-28 19:00:00,1809
16546,2016-11-28 20:00:00,1024
16547,2016-11-28 21:00:00,722
16548,2016-11-28 22:00:00,609
16549,2016-11-28 23:00:00,389
16550,2016-11-29 00:00:00,208
16551,2016-11-29 01:00:00,101
16552,2016-11-29 02:00:00,49
16553,2016-11-29 03:00:00,59
16554,2016-11-29 04:00:00,94
16555,2016-11-29 05:00:00,301
16556,2016-11-29 06:00:00,789
16557,2016-11-29 07:00:00,2182
16558,2016-11-29 08:00:00,4265
16559,2016-11-29 09:00:00,2310
16560,2016-11-29 10:00:00,1251
16561,2016-11-29 11:00:00,1061
16562,2016-11-29 12:00:00,1271
16563,2016-11-29 13:00:00,1228
16564,2016-11-29 14:00:00,1123
16565,2016-11-29 15:00:00,1226
16566,2016-11-29 16:00:00,1620
16567,2016-11-29 17:00:00,2976
16568,2016-11-29 18:00:00,3222
16569,2016-11-29 19:00:00,1990
16570,2016-11-29 20:00:00,1055
16571,2016-11-29 21:00:00,770
16572,2016-11-29 22:00:00,638
16573,2016-11-29 23:00:00,473
16574,2016-11-30 00:00:00,227
16575,2016-11-30 01:00:00,115
16576,2016-11-30 02:00:00,95
16577,2016-11-30 03:00:00,78
16578,2016-11-30 04:00:00,67
16579,2016-11-30 05:00:00,193
16580,2016-11-30 06:00:00,727
16581,2016-11-30 07:00:00,2012
16582,2016-11-30 08:00:00,4073
16583,2016-11-30 09:00:00,2254
16584,2016-11-30 10:00:00,1235
16585,2016-11-30 11:00:00,989
16586,2016-11-30 12:00:00,1189
16587,2016-11-30 13:00:00,1184
16588,2016-11-30 14:00:00,1111
16589,2016-11-30 15:00:00,1251
16590,2016-11-30 16:00:00,1642
16591,2016-11-30 17:00:00,2983
16592,2016-11-30 18:00:00,2879
16593,2016-11-30 19:00:00,1956
16594,2016-11-30 20:00:00,1052
16595,2016-11-30 21:00:00,780
16596,2016-11-30 22:00:00,620
16597,2016-11-30 23:00:00,540
16598,2016-12-01 00:00:00,287
16599,2016-12-01 01:00:00,296
16600,2016-12-01 02:00:00,243
16601,2016-12-01 03:00:00,212
16602,2016-12-01 04:00:00,166
16603,2016-12-01 05:00:00,206
16604,2016-12-01 06:00:00,607
16605,2016-12-01 07:00:00,1808
16606,2016-12-01 08:00:00,3871
16607,2016-12-01 09:00:00,2205
16608,2016-12-01 10:00:00,1149
16609,2016-12-01 11:00:00,1013
16610,2016-12-01 12:00:00,1144
16611,2016-12-01 13:00:00,1181
16612,2016-12-01 14:00:00,1068
16613,2016-12-01 15:00:00,1236
16614,2016-12-01 16:00:00,1719
16615,2016-12-01 17:00:00,2971
16616,2016-12-01 18:00:00,2729
16617,2016-12-01 19:00:00,1651
16618,2016-12-01 20:00:00,980
16619,2016-12-01 21:00:00,793
16620,2016-12-01 22:00:00,606
16621,2016-12-01 23:00:00,542
16622,2016-12-02 00:00:00,395
16623,2016-12-02 01:00:00,309
16624,2016-12-02 02:00:00,402
16625,2016-12-02 03:00:00,125
16626,2016-12-02 04:00:00,107
16627,2016-12-02 05:00:00,152
16628,2016-12-02 06:00:00,552
16629,2016-12-02 07:00:00,1583
16630,2016-12-02 08:00:00,3569
16631,2016-12-02 09:00:00,2145
16632,2016-12-02 10:00:00,1192
16633,2016-12-02 11:00:00,1031
16634,2016-12-02 12:00:00,1209
16635,2016-12-02 13:00:00,1253
16636,2016-12-02 14:00:00,1174
16637,2016-12-02 15:00:00,1354
16638,2016-12-02 16:00:00,1988
16639,2016-12-02 17:00:00,3110
16640,2016-12-02 18:00:00,2559
16641,2016-12-02 19:00:00,1353
16642,2016-12-02 20:00:00,882
16643,2016-12-02 21:00:00,668
16644,2016-12-02 22:00:00,479
16645,2016-12-02 23:00:00,481
16646,2016-12-03 00:00:00,514
16647,2016-12-03 01:00:00,380
16648,2016-12-03 02:00:00,431
16649,2016-12-03 03:00:00,211
16650,2016-12-03 04:00:00,178
16651,2016-12-03 05:00:00,174
16652,2016-12-03 06:00:00,246
16653,2016-12-03 07:00:00,319
16654,2016-12-03 08:00:00,446
16655,2016-12-03 09:00:00,893
16656,2016-12-03 10:00:00,1282
16657,2016-12-03 11:00:00,1501
16658,2016-12-03 12:00:00,1941
16659,2016-12-03 13:00:00,1935
16660,2016-12-03 14:00:00,1887
16661,2016-12-03 15:00:00,1561
16662,2016-12-03 16:00:00,1413
16663,2016-12-03 17:00:00,1057
16664,2016-12-03 18:00:00,870
16665,2016-12-03 19:00:00,756
16666,2016-12-03 20:00:00,578
16667,2016-12-03 21:00:00,460
16668,2016-12-03 22:00:00,397
16669,2016-12-03 23:00:00,444
16670,2016-12-04 00:00:00,366
16671,2016-12-04 01:00:00,296
16672,2016-12-04 02:00:00,283
16673,2016-12-04 03:00:00,204
16674,2016-12-04 04:00:00,217
16675,2016-12-04 05:00:00,218
16676,2016-12-04 06:00:00,251
16677,2016-12-04 07:00:00,329
16678,2016-12-04 08:00:00,408
16679,2016-12-04 09:00:00,673
16680,2016-12-04 10:00:00,1032
16681,2016-12-04 11:00:00,1462
16682,2016-12-04 12:00:00,1717
16683,2016-12-04 13:00:00,1743
16684,2016-12-04 14:00:00,1748
16685,2016-12-04 15:00:00,1623
16686,2016-12-04 16:00:00,1211
16687,2016-12-04 17:00:00,880
16688,2016-12-04 18:00:00,705
16689,2016-12-04 19:00:00,610
16690,2016-12-04 20:00:00,472
16691,2016-12-04 21:00:00,352
16692,2016-12-04 22:00:00,307
16693,2016-12-04 23:00:00,271
16694,2016-12-05 00:00:00,196
16695,2016-12-05 01:00:00,171
16696,2016-12-05 02:00:00,119
16697,2016-12-05 03:00:00,96
16698,2016-12-05 04:00:00,111
16699,2016-12-05 05:00:00,258
16700,2016-12-05 06:00:00,720
16701,2016-12-05 07:00:00,2001
16702,2016-12-05 08:00:00,4167
16703,2016-12-05 09:00:00,2106
16704,2016-12-05 10:00:00,1225
16705,2016-12-05 11:00:00,974
16706,2016-12-05 12:00:00,1252
16707,2016-12-05 13:00:00,1122
16708,2016-12-05 14:00:00,1031
16709,2016-12-05 15:00:00,1200
16710,2016-12-05 16:00:00,1758
16711,2016-12-05 17:00:00,3026
16712,2016-12-05 18:00:00,2952
16713,2016-12-05 19:00:00,1807
16714,2016-12-05 20:00:00,1190
16715,2016-12-05 21:00:00,792
16716,2016-12-05 22:00:00,670
16717,2016-12-05 23:00:00,486
16718,2016-12-06 00:00:00,290
16719,2016-12-06 01:00:00,120
16720,2016-12-06 02:00:00,173
16721,2016-12-06 03:00:00,81
16722,2016-12-06 04:00:00,143
16723,2016-12-06 05:00:00,151
16724,2016-12-06 06:00:00,605
16725,2016-12-06 07:00:00,2057
16726,2016-12-06 08:00:00,3949
16727,2016-12-06 09:00:00,2243
16728,2016-12-06 10:00:00,1070
16729,2016-12-06 11:00:00,989
16730,2016-12-06 12:00:00,1226
16731,2016-12-06 13:00:00,1163
16732,2016-12-06 14:00:00,1143
16733,2016-12-06 15:00:00,1246
16734,2016-12-06 16:00:00,1733
16735,2016-12-06 17:00:00,3136
16736,2016-12-06 18:00:00,3115
16737,2016-12-06 19:00:00,1821
16738,2016-12-06 20:00:00,1021
16739,2016-12-06 21:00:00,798
16740,2016-12-06 22:00:00,717
16741,2016-12-06 23:00:00,550
16742,2016-12-07 00:00:00,346
16743,2016-12-07 01:00:00,234
16744,2016-12-07 02:00:00,265
16745,2016-12-07 03:00:00,65
16746,2016-12-07 04:00:00,108
16747,2016-12-07 05:00:00,166
16748,2016-12-07 06:00:00,526
16749,2016-12-07 07:00:00,1954
16750,2016-12-07 08:00:00,4109
16751,2016-12-07 09:00:00,2278
16752,2016-12-07 10:00:00,1162
16753,2016-12-07 11:00:00,1142
16754,2016-12-07 12:00:00,1336
16755,2016-12-07 13:00:00,1269
16756,2016-12-07 14:00:00,1200
16757,2016-12-07 15:00:00,1270
16758,2016-12-07 16:00:00,1789
16759,2016-12-07 17:00:00,3348
16760,2016-12-07 18:00:00,3020
16761,2016-12-07 19:00:00,1829
16762,2016-12-07 20:00:00,1102
16763,2016-12-07 21:00:00,943
16764,2016-12-07 22:00:00,716
16765,2016-12-07 23:00:00,622
16766,2016-12-08 00:00:00,430
16767,2016-12-08 01:00:00,239
16768,2016-12-08 02:00:00,224
16769,2016-12-08 03:00:00,138
16770,2016-12-08 04:00:00,122
16771,2016-12-08 05:00:00,277
16772,2016-12-08 06:00:00,755
16773,2016-12-08 07:00:00,2177
16774,2016-12-08 08:00:00,4356
16775,2016-12-08 09:00:00,2329
16776,2016-12-08 10:00:00,1314
16777,2016-12-08 11:00:00,1244
16778,2016-12-08 12:00:00,1399
16779,2016-12-08 13:00:00,1349
16780,2016-12-08 14:00:00,1053
16781,2016-12-08 15:00:00,1166
16782,2016-12-08 16:00:00,1634
16783,2016-12-08 17:00:00,2927
16784,2016-12-08 18:00:00,2756
16785,2016-12-08 19:00:00,1715
16786,2016-12-08 20:00:00,1139
16787,2016-12-08 21:00:00,802
16788,2016-12-08 22:00:00,671
16789,2016-12-08 23:00:00,614
16790,2016-12-09 00:00:00,498
16791,2016-12-09 01:00:00,469
16792,2016-12-09 02:00:00,622
16793,2016-12-09 03:00:00,157
16794,2016-12-09 04:00:00,106
16795,2016-12-09 05:00:00,140
16796,2016-12-09 06:00:00,419
16797,2016-12-09 07:00:00,1527
16798,2016-12-09 08:00:00,3658
16799,2016-12-09 09:00:00,2219
16800,2016-12-09 10:00:00,1309
16801,2016-12-09 11:00:00,1179
16802,2016-12-09 12:00:00,1373
16803,2016-12-09 13:00:00,1561
16804,2016-12-09 14:00:00,1388
16805,2016-12-09 15:00:00,1503
16806,2016-12-09 16:00:00,2057
16807,2016-12-09 17:00:00,3344
16808,2016-12-09 18:00:00,2620
16809,2016-12-09 19:00:00,1545
16810,2016-12-09 20:00:00,1062
16811,2016-12-09 21:00:00,889
16812,2016-12-09 22:00:00,655
16813,2016-12-09 23:00:00,578
16814,2016-12-10 00:00:00,718
16815,2016-12-10 01:00:00,591
16816,2016-12-10 02:00:00,615
16817,2016-12-10 03:00:00,261
16818,2016-12-10 04:00:00,212
16819,2016-12-10 05:00:00,191
16820,2016-12-10 06:00:00,222
16821,2016-12-10 07:00:00,273
16822,2016-12-10 08:00:00,469
16823,2016-12-10 09:00:00,937
16824,2016-12-10 10:00:00,1297
16825,2016-12-10 11:00:00,1483
16826,2016-12-10 12:00:00,1469
16827,2016-12-10 13:00:00,1694
16828,2016-12-10 14:00:00,1711
16829,2016-12-10 15:00:00,1631
16830,2016-12-10 16:00:00,1285
16831,2016-12-10 17:00:00,821
16832,2016-12-10 18:00:00,590
16833,2016-12-10 19:00:00,506
16834,2016-12-10 20:00:00,346
16835,2016-12-10 21:00:00,262
16836,2016-12-10 22:00:00,226
16837,2016-12-10 23:00:00,308
16838,2016-12-11 00:00:00,442
16839,2016-12-11 01:00:00,387
16840,2016-12-11 02:00:00,337
16841,2016-12-11 03:00:00,263
16842,2016-12-11 04:00:00,171
16843,2016-12-11 05:00:00,170
16844,2016-12-11 06:00:00,231
16845,2016-12-11 07:00:00,258
16846,2016-12-11 08:00:00,379
16847,2016-12-11 09:00:00,639
16848,2016-12-11 10:00:00,1152
16849,2016-12-11 11:00:00,1542
16850,2016-12-11 12:00:00,1747
16851,2016-12-11 13:00:00,1896
16852,2016-12-11 14:00:00,1927
16853,2016-12-11 15:00:00,1772
16854,2016-12-11 16:00:00,1519
16855,2016-12-11 17:00:00,1095
16856,2016-12-11 18:00:00,787
16857,2016-12-11 19:00:00,671
16858,2016-12-11 20:00:00,507
16859,2016-12-11 21:00:00,411
16860,2016-12-11 22:00:00,336
16861,2016-12-11 23:00:00,287
16862,2016-12-12 00:00:00,230
16863,2016-12-12 01:00:00,179
16864,2016-12-12 02:00:00,137
16865,2016-12-12 03:00:00,113
16866,2016-12-12 04:00:00,122
16867,2016-12-12 05:00:00,259
16868,2016-12-12 06:00:00,715
16869,2016-12-12 07:00:00,2165
16870,2016-12-12 08:00:00,3815
16871,2016-12-12 09:00:00,2151
16872,2016-12-12 10:00:00,1201
16873,2016-12-12 11:00:00,961
16874,2016-12-12 12:00:00,1196
16875,2016-12-12 13:00:00,1039
16876,2016-12-12 14:00:00,948
16877,2016-12-12 15:00:00,1024
16878,2016-12-12 16:00:00,1205
16879,2016-12-12 17:00:00,2774
16880,2016-12-12 18:00:00,2634
16881,2016-12-12 19:00:00,1753
16882,2016-12-12 20:00:00,973
16883,2016-12-12 21:00:00,692
16884,2016-12-12 22:00:00,600
16885,2016-12-12 23:00:00,471
16886,2016-12-13 00:00:00,281
16887,2016-12-13 01:00:00,175
16888,2016-12-13 02:00:00,321
16889,2016-12-13 03:00:00,70
16890,2016-12-13 04:00:00,113
16891,2016-12-13 05:00:00,219
16892,2016-12-13 06:00:00,659
16893,2016-12-13 07:00:00,1774
16894,2016-12-13 08:00:00,3968
16895,2016-12-13 09:00:00,2175
16896,2016-12-13 10:00:00,946
16897,2016-12-13 11:00:00,865
16898,2016-12-13 12:00:00,1043
16899,2016-12-13 13:00:00,997
16900,2016-12-13 14:00:00,1016
16901,2016-12-13 15:00:00,955
16902,2016-12-13 16:00:00,1568
16903,2016-12-13 17:00:00,2866
16904,2016-12-13 18:00:00,2840
16905,2016-12-13 19:00:00,1775
16906,2016-12-13 20:00:00,1032
16907,2016-12-13 21:00:00,823
16908,2016-12-13 22:00:00,691
16909,2016-12-13 23:00:00,597
16910,2016-12-14 00:00:00,456
16911,2016-12-14 01:00:00,311
16912,2016-12-14 02:00:00,351
16913,2016-12-14 03:00:00,124
16914,2016-12-14 04:00:00,125
16915,2016-12-14 05:00:00,193
16916,2016-12-14 06:00:00,656
16917,2016-12-14 07:00:00,1971
16918,2016-12-14 08:00:00,4208
16919,2016-12-14 09:00:00,2311
16920,2016-12-14 10:00:00,1307
16921,2016-12-14 11:00:00,1090
16922,2016-12-14 12:00:00,1377
16923,2016-12-14 13:00:00,1369
16924,2016-12-14 14:00:00,1254
16925,2016-12-14 15:00:00,1404
16926,2016-12-14 16:00:00,1862
16927,2016-12-14 17:00:00,3061
16928,2016-12-14 18:00:00,3026
16929,2016-12-14 19:00:00,1843
16930,2016-12-14 20:00:00,1108
16931,2016-12-14 21:00:00,844
16932,2016-12-14 22:00:00,659
16933,2016-12-14 23:00:00,618
16934,2016-12-15 00:00:00,438
16935,2016-12-15 01:00:00,373
16936,2016-12-15 02:00:00,444
16937,2016-12-15 03:00:00,142
16938,2016-12-15 04:00:00,114
16939,2016-12-15 05:00:00,146
16940,2016-12-15 06:00:00,523
16941,2016-12-15 07:00:00,1724
16942,2016-12-15 08:00:00,3756
16943,2016-12-15 09:00:00,2091
16944,2016-12-15 10:00:00,1207
16945,2016-12-15 11:00:00,1037
16946,2016-12-15 12:00:00,1258
16947,2016-12-15 13:00:00,1223
16948,2016-12-15 14:00:00,1172
16949,2016-12-15 15:00:00,1293
16950,2016-12-15 16:00:00,1779
16951,2016-12-15 17:00:00,3111
16952,2016-12-15 18:00:00,2976
16953,2016-12-15 19:00:00,1677
16954,2016-12-15 20:00:00,1063
16955,2016-12-15 21:00:00,835
16956,2016-12-15 22:00:00,633
16957,2016-12-15 23:00:00,580
16958,2016-12-16 00:00:00,689
16959,2016-12-16 01:00:00,630
16960,2016-12-16 02:00:00,758
16961,2016-12-16 03:00:00,238
16962,2016-12-16 04:00:00,128
16963,2016-12-16 05:00:00,147
16964,2016-12-16 06:00:00,438
16965,2016-12-16 07:00:00,1477
16966,2016-12-16 08:00:00,3446
16967,2016-12-16 09:00:00,2281
16968,2016-12-16 10:00:00,1268
16969,2016-12-16 11:00:00,966
16970,2016-12-16 12:00:00,1354
16971,2016-12-16 13:00:00,1432
16972,2016-12-16 14:00:00,1284
16973,2016-12-16 15:00:00,1400
16974,2016-12-16 16:00:00,1957
16975,2016-12-16 17:00:00,3043
16976,2016-12-16 18:00:00,2518
16977,2016-12-16 19:00:00,1446
16978,2016-12-16 20:00:00,971
16979,2016-12-16 21:00:00,814
16980,2016-12-16 22:00:00,571
16981,2016-12-16 23:00:00,645
16982,2016-12-17 00:00:00,772
16983,2016-12-17 01:00:00,498
16984,2016-12-17 02:00:00,549
16985,2016-12-17 03:00:00,317
16986,2016-12-17 04:00:00,198
16987,2016-12-17 05:00:00,171
16988,2016-12-17 06:00:00,278
16989,2016-12-17 07:00:00,376
16990,2016-12-17 08:00:00,531
16991,2016-12-17 09:00:00,727
16992,2016-12-17 10:00:00,1038
16993,2016-12-17 11:00:00,1271
16994,2016-12-17 12:00:00,1346
16995,2016-12-17 13:00:00,1571
16996,2016-12-17 14:00:00,1441
16997,2016-12-17 15:00:00,1426
16998,2016-12-17 16:00:00,1344
16999,2016-12-17 17:00:00,1134
17000,2016-12-17 18:00:00,908
17001,2016-12-17 19:00:00,749
17002,2016-12-17 20:00:00,639
17003,2016-12-17 21:00:00,536
17004,2016-12-17 22:00:00,379
17005,2016-12-17 23:00:00,410
17006,2016-12-18 00:00:00,345
17007,2016-12-18 01:00:00,351
17008,2016-12-18 02:00:00,319
17009,2016-12-18 03:00:00,355
17010,2016-12-18 04:00:00,259
17011,2016-12-18 05:00:00,242
17012,2016-12-18 06:00:00,250
17013,2016-12-18 07:00:00,312
17014,2016-12-18 08:00:00,447
17015,2016-12-18 09:00:00,612
17016,2016-12-18 10:00:00,952
17017,2016-12-18 11:00:00,1272
17018,2016-12-18 12:00:00,1499
17019,2016-12-18 13:00:00,1621
17020,2016-12-18 14:00:00,1560
17021,2016-12-18 15:00:00,1558
17022,2016-12-18 16:00:00,1401
17023,2016-12-18 17:00:00,1133
17024,2016-12-18 18:00:00,828
17025,2016-12-18 19:00:00,756
17026,2016-12-18 20:00:00,519
17027,2016-12-18 21:00:00,419
17028,2016-12-18 22:00:00,366
17029,2016-12-18 23:00:00,324
17030,2016-12-19 00:00:00,268
17031,2016-12-19 01:00:00,257
17032,2016-12-19 02:00:00,128
17033,2016-12-19 03:00:00,62
17034,2016-12-19 04:00:00,70
17035,2016-12-19 05:00:00,197
17036,2016-12-19 06:00:00,506
17037,2016-12-19 07:00:00,1566
17038,2016-12-19 08:00:00,3203
17039,2016-12-19 09:00:00,1849
17040,2016-12-19 10:00:00,1075
17041,2016-12-19 11:00:00,909
17042,2016-12-19 12:00:00,904
17043,2016-12-19 13:00:00,853
17044,2016-12-19 14:00:00,934
17045,2016-12-19 15:00:00,1171
17046,2016-12-19 16:00:00,1588
17047,2016-12-19 17:00:00,2728
17048,2016-12-19 18:00:00,2576
17049,2016-12-19 19:00:00,1514
17050,2016-12-19 20:00:00,909
17051,2016-12-19 21:00:00,714
17052,2016-12-19 22:00:00,521
17053,2016-12-19 23:00:00,368
17054,2016-12-20 00:00:00,267
17055,2016-12-20 01:00:00,198
17056,2016-12-20 02:00:00,273
17057,2016-12-20 03:00:00,83
17058,2016-12-20 04:00:00,118
17059,2016-12-20 05:00:00,216
17060,2016-12-20 06:00:00,534
17061,2016-12-20 07:00:00,1482
17062,2016-12-20 08:00:00,3610
17063,2016-12-20 09:00:00,2080
17064,2016-12-20 10:00:00,1148
17065,2016-12-20 11:00:00,1021
17066,2016-12-20 12:00:00,1212
17067,2016-12-20 13:00:00,1376
17068,2016-12-20 14:00:00,1242
17069,2016-12-20 15:00:00,1417
17070,2016-12-20 16:00:00,1721
17071,2016-12-20 17:00:00,2614
17072,2016-12-20 18:00:00,2572
17073,2016-12-20 19:00:00,1545
17074,2016-12-20 20:00:00,903
17075,2016-12-20 21:00:00,692
17076,2016-12-20 22:00:00,552
17077,2016-12-20 23:00:00,462
17078,2016-12-21 00:00:00,321
17079,2016-12-21 01:00:00,226
17080,2016-12-21 02:00:00,239
17081,2016-12-21 03:00:00,139
17082,2016-12-21 04:00:00,208
17083,2016-12-21 05:00:00,200
17084,2016-12-21 06:00:00,510
17085,2016-12-21 07:00:00,1268
17086,2016-12-21 08:00:00,2909
17087,2016-12-21 09:00:00,1788
17088,2016-12-21 10:00:00,984
17089,2016-12-21 11:00:00,967
17090,2016-12-21 12:00:00,1119
17091,2016-12-21 13:00:00,1077
17092,2016-12-21 14:00:00,1170
17093,2016-12-21 15:00:00,1394
17094,2016-12-21 16:00:00,1663
17095,2016-12-21 17:00:00,2917
17096,2016-12-21 18:00:00,2479
17097,2016-12-21 19:00:00,1400
17098,2016-12-21 20:00:00,947
17099,2016-12-21 21:00:00,763
17100,2016-12-21 22:00:00,686
17101,2016-12-21 23:00:00,507
17102,2016-12-22 00:00:00,436
17103,2016-12-22 01:00:00,411
17104,2016-12-22 02:00:00,450
17105,2016-12-22 03:00:00,174
17106,2016-12-22 04:00:00,139
17107,2016-12-22 05:00:00,462
17108,2016-12-22 06:00:00,749
17109,2016-12-22 07:00:00,1478
17110,2016-12-22 08:00:00,2818
17111,2016-12-22 09:00:00,1846
17112,2016-12-22 10:00:00,1081
17113,2016-12-22 11:00:00,1071
17114,2016-12-22 12:00:00,1273
17115,2016-12-22 13:00:00,1461
17116,2016-12-22 14:00:00,1398
17117,2016-12-22 15:00:00,1467
17118,2016-12-22 16:00:00,1705
17119,2016-12-22 17:00:00,2759
17120,2016-12-22 18:00:00,1845
17121,2016-12-22 19:00:00,1218
17122,2016-12-22 20:00:00,812
17123,2016-12-22 21:00:00,621
17124,2016-12-22 22:00:00,491
17125,2016-12-22 23:00:00,486
17126,2016-12-23 00:00:00,321
17127,2016-12-23 01:00:00,296
17128,2016-12-23 02:00:00,302
17129,2016-12-23 03:00:00,131
17130,2016-12-23 04:00:00,176
17131,2016-12-23 05:00:00,588
17132,2016-12-23 06:00:00,809
17133,2016-12-23 07:00:00,1093
17134,2016-12-23 08:00:00,1891
17135,2016-12-23 09:00:00,2512
17136,2016-12-23 10:00:00,986
17137,2016-12-23 11:00:00,989
17138,2016-12-23 12:00:00,1095
17139,2016-12-23 13:00:00,1331
17140,2016-12-23 14:00:00,1299
17141,2016-12-23 15:00:00,1344
17142,2016-12-23 16:00:00,1483
17143,2016-12-23 17:00:00,1344
17144,2016-12-23 18:00:00,727
17145,2016-12-23 19:00:00,441
17146,2016-12-23 20:00:00,354
17147,2016-12-23 21:00:00,337
17148,2016-12-23 22:00:00,443
17149,2016-12-23 23:00:00,373
17150,2016-12-24 00:00:00,283
17151,2016-12-24 01:00:00,163
17152,2016-12-24 02:00:00,120
17153,2016-12-24 03:00:00,248
17154,2016-12-24 04:00:00,272
17155,2016-12-24 05:00:00,295
17156,2016-12-24 06:00:00,299
17157,2016-12-24 07:00:00,370
17158,2016-12-24 08:00:00,457
17159,2016-12-24 09:00:00,639
17160,2016-12-24 10:00:00,779
17161,2016-12-24 11:00:00,898
17162,2016-12-24 12:00:00,1065
17163,2016-12-24 13:00:00,955
17164,2016-12-24 14:00:00,952
17165,2016-12-24 15:00:00,845
17166,2016-12-24 16:00:00,874
17167,2016-12-24 17:00:00,632
17168,2016-12-24 18:00:00,480
17169,2016-12-24 19:00:00,395
17170,2016-12-24 20:00:00,330
17171,2016-12-24 21:00:00,347
17172,2016-12-24 22:00:00,311
17173,2016-12-24 23:00:00,367
17174,2016-12-25 00:00:00,354
17175,2016-12-25 01:00:00,358
17176,2016-12-25 02:00:00,528
17177,2016-12-25 03:00:00,268
17178,2016-12-25 04:00:00,289
17179,2016-12-25 05:00:00,314
17180,2016-12-25 06:00:00,215
17181,2016-12-25 07:00:00,355
17182,2016-12-25 08:00:00,544
17183,2016-12-25 09:00:00,817
17184,2016-12-25 10:00:00,1363
17185,2016-12-25 11:00:00,2564
17186,2016-12-25 12:00:00,2795
17187,2016-12-25 13:00:00,2754
17188,2016-12-25 14:00:00,2988
17189,2016-12-25 15:00:00,3223
17190,2016-12-25 16:00:00,3000
17191,2016-12-25 17:00:00,2700
17192,2016-12-25 18:00:00,2101
17193,2016-12-25 19:00:00,1561
17194,2016-12-25 20:00:00,1228
17195,2016-12-25 21:00:00,1014
17196,2016-12-25 22:00:00,774
17197,2016-12-25 23:00:00,643
17198,2016-12-26 00:00:00,510
17199,2016-12-26 01:00:00,331
17200,2016-12-26 02:00:00,269
17201,2016-12-26 03:00:00,177
17202,2016-12-26 04:00:00,175
17203,2016-12-26 05:00:00,284
17204,2016-12-26 06:00:00,151
17205,2016-12-26 07:00:00,180
17206,2016-12-26 08:00:00,218
17207,2016-12-26 09:00:00,388
17208,2016-12-26 10:00:00,1009
17209,2016-12-26 11:00:00,1580
17210,2016-12-26 12:00:00,1737
17211,2016-12-26 13:00:00,1673
17212,2016-12-26 14:00:00,1424
17213,2016-12-26 15:00:00,1352
17214,2016-12-26 16:00:00,1064
17215,2016-12-26 17:00:00,811
17216,2016-12-26 18:00:00,617
17217,2016-12-26 19:00:00,511
17218,2016-12-26 20:00:00,412
17219,2016-12-26 21:00:00,393
17220,2016-12-26 22:00:00,299
17221,2016-12-26 23:00:00,348
17222,2016-12-27 00:00:00,288
17223,2016-12-27 01:00:00,245
17224,2016-12-27 02:00:00,254
17225,2016-12-27 03:00:00,229
17226,2016-12-27 04:00:00,231
17227,2016-12-27 05:00:00,269
17228,2016-12-27 06:00:00,331
17229,2016-12-27 07:00:00,410
17230,2016-12-27 08:00:00,483
17231,2016-12-27 09:00:00,569
17232,2016-12-27 10:00:00,921
17233,2016-12-27 11:00:00,1214
17234,2016-12-27 12:00:00,1235
17235,2016-12-27 13:00:00,1324
17236,2016-12-27 14:00:00,1489
17237,2016-12-27 15:00:00,1370
17238,2016-12-27 16:00:00,1211
17239,2016-12-27 17:00:00,909
17240,2016-12-27 18:00:00,708
17241,2016-12-27 19:00:00,604
17242,2016-12-27 20:00:00,509
17243,2016-12-27 21:00:00,387
17244,2016-12-27 22:00:00,344
17245,2016-12-27 23:00:00,311
17246,2016-12-28 00:00:00,262
17247,2016-12-28 01:00:00,237
17248,2016-12-28 02:00:00,228
17249,2016-12-28 03:00:00,111
17250,2016-12-28 04:00:00,106
17251,2016-12-28 05:00:00,189
17252,2016-12-28 06:00:00,434
17253,2016-12-28 07:00:00,697
17254,2016-12-28 08:00:00,1190
17255,2016-12-28 09:00:00,1495
17256,2016-12-28 10:00:00,664
17257,2016-12-28 11:00:00,826
17258,2016-12-28 12:00:00,834
17259,2016-12-28 13:00:00,1069
17260,2016-12-28 14:00:00,950
17261,2016-12-28 15:00:00,1104
17262,2016-12-28 16:00:00,1585
17263,2016-12-28 17:00:00,1887
17264,2016-12-28 18:00:00,1427
17265,2016-12-28 19:00:00,1195
17266,2016-12-28 20:00:00,1096
17267,2016-12-28 21:00:00,1024
17268,2016-12-28 22:00:00,444
17269,2016-12-28 23:00:00,446
17270,2016-12-29 00:00:00,399
17271,2016-12-29 01:00:00,315
17272,2016-12-29 02:00:00,280
17273,2016-12-29 03:00:00,331
17274,2016-12-29 04:00:00,495
17275,2016-12-29 05:00:00,500
17276,2016-12-29 06:00:00,607
17277,2016-12-29 07:00:00,843
17278,2016-12-29 08:00:00,1284
17279,2016-12-29 09:00:00,1848
17280,2016-12-29 10:00:00,851
17281,2016-12-29 11:00:00,985
17282,2016-12-29 12:00:00,1289
17283,2016-12-29 13:00:00,1352
17284,2016-12-29 14:00:00,1238
17285,2016-12-29 15:00:00,1275
17286,2016-12-29 16:00:00,1407
17287,2016-12-29 17:00:00,1333
17288,2016-12-29 18:00:00,1352
17289,2016-12-29 19:00:00,1119
17290,2016-12-29 20:00:00,1029
17291,2016-12-29 21:00:00,816
17292,2016-12-29 22:00:00,474
17293,2016-12-29 23:00:00,425
17294,2016-12-30 00:00:00,320
17295,2016-12-30 01:00:00,217
17296,2016-12-30 02:00:00,266
17297,2016-12-30 03:00:00,286
17298,2016-12-30 04:00:00,369
17299,2016-12-30 05:00:00,445
17300,2016-12-30 06:00:00,557
17301,2016-12-30 07:00:00,708
17302,2016-12-30 08:00:00,1103
17303,2016-12-30 09:00:00,1514
17304,2016-12-30 10:00:00,653
17305,2016-12-30 11:00:00,695
17306,2016-12-30 12:00:00,998
17307,2016-12-30 13:00:00,980
17308,2016-12-30 14:00:00,1204
17309,2016-12-30 15:00:00,1086
17310,2016-12-30 16:00:00,1149
17311,2016-12-30 17:00:00,989
17312,2016-12-30 18:00:00,990
17313,2016-12-30 19:00:00,905
17314,2016-12-30 20:00:00,686
17315,2016-12-30 21:00:00,505
17316,2016-12-30 22:00:00,277
17317,2016-12-30 23:00:00,378
17318,2016-12-31 00:00:00,249
17319,2016-12-31 01:00:00,97
17320,2016-12-31 02:00:00,179
17321,2016-12-31 03:00:00,243
17322,2016-12-31 04:00:00,265
17323,2016-12-31 05:00:00,303
17324,2016-12-31 06:00:00,326
17325,2016-12-31 07:00:00,339
17326,2016-12-31 08:00:00,393
17327,2016-12-31 09:00:00,503
17328,2016-12-31 10:00:00,730
17329,2016-12-31 11:00:00,1055
17330,2016-12-31 12:00:00,1164
17331,2016-12-31 13:00:00,1220
17332,2016-12-31 14:00:00,1257
17333,2016-12-31 15:00:00,1073
17334,2016-12-31 16:00:00,1090
17335,2016-12-31 17:00:00,854
17336,2016-12-31 18:00:00,752
17337,2016-12-31 19:00:00,530
17338,2016-12-31 20:00:00,456
17339,2016-12-31 21:00:00,419
17340,2016-12-31 22:00:00,434
17341,2016-12-31 23:00:00,595
17342,2017-01-01 00:00:00,748
17343,2017-01-01 01:00:00,1085
17344,2017-01-01 02:00:00,1020
17345,2017-01-01 03:00:00,516
17346,2017-01-01 04:00:00,416
17347,2017-01-01 05:00:00,337
17348,2017-01-01 06:00:00,283
17349,2017-01-01 07:00:00,245
17350,2017-01-01 08:00:00,227
17351,2017-01-01 09:00:00,241
17352,2017-01-01 10:00:00,384
17353,2017-01-01 11:00:00,676
17354,2017-01-01 12:00:00,866
17355,2017-01-01 13:00:00,1017
17356,2017-01-01 14:00:00,677
17357,2017-01-01 15:00:00,378
17358,2017-01-01 16:00:00,327
17359,2017-01-01 17:00:00,279
17360,2017-01-01 18:00:00,246
17361,2017-01-01 19:00:00,233
17362,2017-01-01 20:00:00,319
17363,2017-01-01 21:00:00,309
17364,2017-01-01 22:00:00,162
17365,2017-01-01 23:00:00,265
17366,2017-01-02 00:00:00,182
17367,2017-01-02 01:00:00,195
17368,2017-01-02 02:00:00,172
17369,2017-01-02 03:00:00,181
17370,2017-01-02 04:00:00,204
17371,2017-01-02 05:00:00,210
17372,2017-01-02 06:00:00,315
17373,2017-01-02 07:00:00,332
17374,2017-01-02 08:00:00,564
17375,2017-01-02 09:00:00,618
17376,2017-01-02 10:00:00,862
17377,2017-01-02 11:00:00,1161
17378,2017-01-02 12:00:00,1523
17379,2017-01-02 13:00:00,1695
17380,2017-01-02 14:00:00,1578
17381,2017-01-02 15:00:00,1715
17382,2017-01-02 16:00:00,1444
17383,2017-01-02 17:00:00,1060
17384,2017-01-02 18:00:00,783
17385,2017-01-02 19:00:00,601
17386,2017-01-02 20:00:00,472
17387,2017-01-02 21:00:00,387
17388,2017-01-02 22:00:00,311
17389,2017-01-02 23:00:00,284
17390,2017-01-03 00:00:00,251
17391,2017-01-03 01:00:00,220
17392,2017-01-03 02:00:00,224
17393,2017-01-03 03:00:00,184
17394,2017-01-03 04:00:00,184
17395,2017-01-03 05:00:00,348
17396,2017-01-03 06:00:00,488
17397,2017-01-03 07:00:00,1657
17398,2017-01-03 08:00:00,3128
17399,2017-01-03 09:00:00,1808
17400,2017-01-03 10:00:00,930
17401,2017-01-03 11:00:00,876
17402,2017-01-03 12:00:00,964
17403,2017-01-03 13:00:00,975
17404,2017-01-03 14:00:00,964
17405,2017-01-03 15:00:00,951
17406,2017-01-03 16:00:00,1274
17407,2017-01-03 17:00:00,2438
17408,2017-01-03 18:00:00,2629
17409,2017-01-03 19:00:00,1454
17410,2017-01-03 20:00:00,711
17411,2017-01-03 21:00:00,523
17412,2017-01-03 22:00:00,362
17413,2017-01-03 23:00:00,217
